run_id,first_ts,last_ts,episodes,mean_turns,mean_score,best_score,median_depth,best_depth,ascensions,role
fast_prelim_1789530854,2026-09-15T23:54:14Z,2026-09-15T23:54:14Z,1,50.0,20.0,20,1.0,1,0,unknown
fast_prelim_1789530870,2026-09-15T23:54:30Z,2026-09-15T23:54:31Z,2,50.5,8.0,16,1.0,1,0,unknown
fast_prelim_1789530892,2026-09-15T23:54:52Z,2026-09-15T23:54:52Z,2,51.0,4.0,4,1.0,1,0,unknown
fast_prelim_1789531216,2026-09-16T00:00:17Z,2026-09-16T00:00:18Z,2,50.5,2.0,4,1.0,1,0,unknown
train_1789531250,2026-09-16T00:00:51Z,2026-09-16T00:00:52Z,2,45.0,3.5,7,1.0,1,0,unknown
fast_prelim_1789531382,2026-09-16T00:03:05Z,2026-09-16T00:03:08Z,3,421.6666666666667,19.333333333333332,54,1.0,2,0,unknown
train_1789531393,2026-09-16T00:03:21Z,2026-09-16T00:03:41Z,5,983.6,55.0,168,1.0,1,0,unknown
fast_prelim_1789531540,2026-09-16T00:05:46Z,2026-09-16T00:06:12Z,5,999.8,53.6,160,1.0,1,0,unknown
fast_prelim_1789531634,2026-09-16T00:07:23Z,2026-09-16T00:07:48Z,5,1776.2,57.6,108,1.0,1,0,unknown
fast_prelim_1789531714,2026-09-16T00:08:38Z,2026-09-16T00:09:08Z,5,1726.2,44.0,84,1.0,1,0,unknown
fast_prelim_1789531858,2026-09-16T00:11:08Z,2026-09-16T00:11:26Z,3,2296.6666666666665,58.666666666666664,68,1.0,1,0,unknown
fast_prelim_1789531951,2026-09-16T00:12:39Z,2026-09-16T00:12:54Z,3,1329.0,41.666666666666664,69,1.0,1,0,unknown
fast_prelim_1789532179,2026-09-16T00:16:29Z,2026-09-16T00:16:45Z,3,1784.3333333333333,36.0,68,1.0,1,0,unknown
research_grade_competence_1789532266,2026-09-16T00:17:59Z,2026-09-16T00:18:23Z,3,2557.6666666666665,96.0,264,1.0,1,0,unknown
fast_prelim_1789532404,2026-09-16T00:20:14Z,2026-09-16T00:20:45Z,5,1656.6,135.0,302,2.0,3,0,unknown
HPKg0J,2026-09-16T00:23:37Z,2026-09-16T00:23:38Z,2,230.5,117.5,231,2.0,3,0,unknown
K8iddH,2026-09-16T00:25:19Z,2026-09-16T00:25:19Z,1,101.0,19.0,19,1.0,1,0,unknown
vaJvxc,2026-09-16T00:25:33Z,2026-09-16T00:25:33Z,1,11.0,0.0,0,1.0,1,0,unknown
lCRvqz,2026-09-16T00:25:40Z,2026-09-16T00:25:40Z,1,11.0,0.0,0,1.0,1,0,unknown
iXiyeF,2026-09-16T00:29:58Z,2026-09-16T00:30:36Z,5,2474.0,287.0,408,2.0,5,0,unknown
4nXwhq,2026-09-16T00:33:28Z,2026-09-16T00:33:47Z,5,706.8,129.0,225,1.0,4,0,unknown
7dQBM4,2026-09-16T00:34:33Z,2026-09-16T00:35:57Z,10,1310.2,524.4,2933,3.5,11,0,unknown
0GZS4b,2026-09-16T00:39:41Z,2026-09-16T00:39:52Z,3,708.6666666666666,208.0,333,4.0,5,0,unknown
Ml7Gwv,2026-09-16T00:40:37Z,2026-09-16T00:40:52Z,5,1299.2,96.0,142,2.0,3,0,unknown
iu639u,2026-09-16T00:45:53Z,2026-09-16T00:45:59Z,5,1449.4,150.8,249,2.0,4,0,unknown
XHvQHR,2026-09-16T00:50:05Z,2026-09-16T00:50:08Z,5,561.2,29.0,77,1.0,2,0,unknown
gwRSLC,2026-09-16T00:50:21Z,2026-09-16T00:50:31Z,10,745.9,124.0,364,2.0,5,0,unknown
7kXqK4,2026-09-16T08:41:48Z,2026-09-16T08:41:50Z,5,376.2,0.0,0,1.0,1,0,unknown
2Z7SDu,2026-09-16T08:42:20Z,2026-09-16T08:42:24Z,5,969.8,7.0,24,1.0,1,0,unknown
DfzzKw,2026-09-16T08:43:49Z,2026-09-16T08:43:59Z,10,725.3,45.0,106,1.0,2,0,unknown
IwugZW,2026-09-16T08:45:25Z,2026-09-16T08:45:37Z,10,1078.1,75.0,160,1.5,3,0,unknown
nL9Doo,2026-09-16T08:46:26Z,2026-09-16T08:46:40Z,10,1139.1,55.3,102,1.0,2,0,unknown
J00GAd,2026-09-16T08:48:13Z,2026-09-16T08:48:26Z,10,841.9,79.8,204,1.5,4,0,unknown
23T1ns,2026-09-16T10:03:59Z,2026-09-16T10:04:01Z,3,727.6666666666666,26.0,71,1.0,2,0,unknown
wrcIl1,2026-09-16T10:05:27Z,2026-09-16T10:05:37Z,10,913.8,77.9,313,1.0,3,0,unknown
FNljV8,2026-09-16T10:08:29Z,2026-09-16T10:08:46Z,10,993.6,66.7,166,1.0,2,0,unknown
sm8nrf,2026-09-16T10:10:02Z,2026-09-16T10:10:14Z,10,1102.1,60.5,179,1.5,2,0,unknown
hUFZ4m,2026-09-16T10:17:32Z,2026-09-16T10:17:47Z,10,825.3,22.7,90,1.0,2,0,unknown
ijmeeW,2026-09-16T10:30:24Z,2026-09-16T10:30:48Z,10,1487.0,55.0,246,1.0,2,0,barbarian
HfO9r6,2026-09-16T11:03:46Z,2026-09-16T11:03:56Z,10,741.8,50.2,138,1.5,3,0,barbarian
7UuFle,2026-09-16T11:08:53Z,2026-09-16T11:09:05Z,10,948.6,120.5,251,1.5,5,0,barbarian
K5iM16,2026-09-16T11:44:51Z,2026-09-16T11:45:08Z,10,1357.5,58.0,233,1.0,2,0,archeologist
Xy9gmS,2026-09-16T15:15:08Z,2026-09-16T15:15:13Z,5,982.6,17.4,49,1.0,1,0,archeologist
VmcZFT,2026-09-16T15:42:42Z,2026-09-16T15:42:55Z,10,930.9,166.7,396,2.5,6,0,archeologist
eMBidP,2026-09-17T12:03:35Z,2026-09-17T12:03:40Z,5,802.0,64.2,152,1.0,2,0,barbarian
8Pbtjf,2026-09-17T12:09:28Z,2026-09-17T12:09:34Z,5,1298.0,60.2,216,1.0,3,0,archeologist
su9OhG,2026-09-17T12:15:21Z,2026-09-17T12:15:49Z,10,1442.6,61.1,194,1.0,4,0,archeologist
PiHXax,2026-09-17T12:27:44Z,2026-09-17T12:28:00Z,10,912.7,113.7,249,1.5,4,0,caveman
MqVifn,2026-09-17T12:29:37Z,2026-09-17T12:29:52Z,10,1040.6,188.4,416,3.0,7,0,barbarian
jFgpWY,2026-09-17T12:32:01Z,2026-09-17T12:32:22Z,10,1196.9,82.8,240,2.0,4,0,knight
0hFhuF,2026-09-17T12:33:43Z,2026-09-17T12:33:59Z,10,881.2,56.0,224,1.0,5,0,archeologist
PJFMQB,2026-09-17T12:34:26Z,2026-09-17T12:34:39Z,10,527.3,99.1,285,2.0,4,0,valkyrie
4FsOS3,2026-09-17T12:44:16Z,2026-09-17T12:44:30Z,10,687.3,104.1,259,2.0,4,0,barbarian
Ye0WOK,2026-09-17T12:46:15Z,2026-09-17T12:46:36Z,10,712.2,133.9,390,2.5,4,0,archeologist
Je0oAF,2026-09-17T12:59:12Z,2026-09-17T12:59:30Z,10,745.1,35.8,125,1.0,3,0,archeologist
tVrBTv,2026-09-17T13:02:33Z,2026-09-17T13:03:05Z,10,727.0,75.9,214,1.5,4,0,barbarian
CsXJZC,2026-09-17T13:03:48Z,2026-09-17T13:04:18Z,5,2537.6,81.6,174,1.0,4,0,archeologist
n7tNCq,2026-09-17T13:05:14Z,2026-09-17T13:05:32Z,10,752.7,125.9,419,2.0,5,0,barbarian
abWalK,2026-09-17T13:24:10Z,2026-09-17T13:24:12Z,3,626.6666666666666,93.33333333333333,252,1.0,5,0,valkyrie
x5ZhPu,2026-09-17T13:24:42Z,2026-09-17T13:25:06Z,10,282.6,57.0,176,1.5,3,0,valkyrie
kl7vEG,2026-09-17T13:26:51Z,2026-09-17T13:26:55Z,5,602.6,117.6,250,2.0,3,0,valkyrie
1Ab6hu,2026-09-17T17:33:13Z,2026-09-17T17:33:21Z,10,421.4,65.2,121,2.0,3,0,valkyrie
RHKmmf,2026-09-17T17:39:20Z,2026-09-17T17:39:33Z,10,698.7,100.0,295,2.0,6,0,valkyrie
wcauu1,2026-09-17T17:40:55Z,2026-09-17T17:41:06Z,10,492.8,114.2,309,2.5,6,0,barbarian
nEFDsx,2026-09-17T17:42:53Z,2026-09-17T17:43:05Z,10,668.7,129.9,322,2.0,4,0,barbarian
bVwsQ0,2026-09-17T17:45:03Z,2026-09-17T17:45:13Z,10,506.2,151.1,664,2.0,7,0,samurai
0Hzwk1,2026-09-17T17:52:29Z,2026-09-17T17:52:35Z,10,193.4,47.2,137,1.0,3,0,samurai
Qp8qid,2026-09-17T17:53:25Z,2026-09-17T17:53:45Z,10,803.3,182.3,336,2.5,5,0,samurai
0a1BVb,2026-09-17T17:55:59Z,2026-09-17T17:56:22Z,10,996.1,566.2,1315,4.0,9,0,samurai
kcVkQC,2026-09-17T18:20:19Z,2026-09-17T18:20:39Z,10,851.0,312.8,606,3.5,7,0,samurai
PE72s2,2026-09-17T18:30:53Z,2026-09-17T18:31:33Z,10,1485.6,543.0,1584,3.5,7,0,samurai
kLUpFS,2026-09-17T18:33:36Z,2026-09-17T18:33:58Z,10,1097.4,363.4,808,3.5,6,0,samurai
m9Os8C,2026-09-17T22:19:24Z,2026-09-17T22:19:33Z,5,1493.6,341.4,790,4.0,7,0,samurai
spWM8a,2026-09-17T22:25:34Z,2026-09-17T22:25:59Z,5,2312.0,305.2,593,2.0,7,0,samurai
xQayRm,2026-09-17T22:29:36Z,2026-09-17T22:29:36Z,1,487.0,155.0,155,3.0,3,0,samurai
6oJsxI,2026-09-17T22:30:40Z,2026-09-17T22:30:44Z,5,733.8,368.0,1263,3.0,4,0,samurai
4GF260,2026-09-17T23:49:36Z,2026-09-17T23:49:51Z,5,418.8,85.8,247,1.0,4,0,valkyrie
pIQOc3,2026-09-17T23:51:38Z,2026-09-17T23:51:51Z,5,407.6,112.4,224,2.0,4,0,valkyrie
zYIryE,2026-09-17T23:52:40Z,2026-09-17T23:52:47Z,5,706.6,218.0,437,4.0,5,0,valkyrie
ThT08Q,2026-09-17T23:54:00Z,2026-09-17T23:54:13Z,5,319.0,97.8,175,2.0,2,0,valkyrie
1ici4q,2026-09-17T23:57:19Z,2026-09-17T23:58:10Z,5,4727.4,433.0,929,2.0,3,0,valkyrie
6QnNc8,2026-09-18T00:00:18Z,2026-09-18T00:00:51Z,5,4830.4,314.2,468,2.0,4,0,valkyrie
aegLaM,2026-09-18T00:02:51Z,2026-09-18T00:03:14Z,5,4440.8,343.2,405,4.0,5,0,valkyrie
g8NyJh,2026-09-18T00:06:21Z,2026-09-18T00:06:48Z,5,3998.4,417.0,596,2.0,4,0,valkyrie
3nuUj6,2026-09-18T00:12:27Z,2026-09-18T00:13:13Z,5,8333.6,474.2,894,1.0,3,0,valkyrie
vPSOoY,2026-09-18T00:16:44Z,2026-09-18T00:17:22Z,5,5616.4,366.6,547,2.0,3,0,valkyrie
yojVVk,2026-09-18T09:27:04Z,2026-09-18T09:27:46Z,5,6190.4,451.6,647,2.0,3,0,valkyrie
diag01,2026-09-18T09:37:11Z,2026-09-18T09:37:20Z,3,3039.0,209.33333333333334,384,2.0,3,0,valkyrie
YmL3sv,2026-09-18T10:22:01Z,2026-09-18T10:22:11Z,3,2202.3333333333335,269.3333333333333,442,3.0,5,0,valkyrie
Rzh3gB,2026-09-18T10:30:15Z,2026-09-18T10:30:23Z,3,1363.3333333333333,292.6666666666667,572,3.0,5,0,valkyrie
c4XFKt,2026-09-18T10:34:20Z,2026-09-18T10:35:14Z,5,5680.6,229.8,429,1.0,5,0,valkyrie
YZ00zr,2026-09-18T11:14:43Z,2026-09-18T11:15:23Z,5,4887.2,414.8,600,1.0,2,0,valkyrie
8anREI,2026-09-18T11:22:07Z,2026-09-18T11:23:32Z,5,6174.4,356.0,694,2.0,3,0,valkyrie
Z01Naz,2026-09-18T11:25:36Z,2026-09-18T11:26:01Z,5,2581.4,289.0,546,1.0,6,0,valkyrie
CkBgNJ,2026-09-18T11:29:52Z,2026-09-18T11:30:50Z,5,7022.6,369.4,915,3.0,4,0,valkyrie
A1mXa6,2026-09-18T11:33:45Z,2026-09-18T11:34:41Z,5,4372.2,750.2,1033,4.0,5,0,valkyrie
jHr7EI,2026-09-18T11:35:33Z,2026-09-18T11:37:04Z,5,6969.0,564.4,747,2.0,3,0,valkyrie
Ub5qda,2026-09-18T11:41:47Z,2026-09-18T11:42:19Z,5,6055.8,646.2,1030,4.0,5,0,valkyrie
JMRMbJ,2026-09-18T11:45:49Z,2026-09-18T11:46:41Z,5,3112.8,293.0,478,2.0,4,0,valkyrie
AScmsv,2026-09-18T14:19:51Z,2026-09-18T14:20:04Z,5,1876.2,237.4,369,3.0,4,0,valkyrie
AWyIRO,2026-09-18T14:31:37Z,2026-09-18T14:33:39Z,5,7648.6,482.6,688,2.0,4,0,valkyrie
C3qZst,2026-09-18T14:36:41Z,2026-09-18T14:37:27Z,5,5011.6,848.8,1523,3.0,4,0,valkyrie
8WLJHa,2026-09-18T14:38:27Z,2026-09-18T14:38:49Z,5,2546.0,239.8,331,2.0,3,0,valkyrie
zGUl9B,2026-09-18T14:41:19Z,2026-09-18T14:42:38Z,10,3617.2,280.6,969,2.0,4,0,valkyrie
Wx21b9,2026-09-18T14:46:06Z,2026-09-18T14:48:43Z,10,4482.0,348.9,718,2.0,4,0,valkyrie
ZVJksr,2026-09-18T14:50:25Z,2026-09-18T14:54:21Z,10,4525.2,340.2,610,2.0,4,0,valkyrie
oPoU2l,2026-09-18T16:38:24Z,2026-09-18T16:51:48Z,100,3939.69,401.71,1379,3.0,9,0,valkyrie
V9L4cj,2026-09-18T16:54:03Z,2026-09-18T16:54:11Z,2,3321.5,350.5,413,3.0,5,0,valkyrie
f24kaR,2026-09-18T17:25:44Z,2026-09-18T17:25:44Z,2,554.5,76.0,152,2.0,3,0,valkyrie
2CeUpz,2026-09-18T17:26:41Z,2026-09-18T17:26:41Z,1,1483.0,27.0,27,1.0,1,0,valkyrie
l0P4hk,2026-09-18T17:26:54Z,2026-09-18T17:26:54Z,1,869.0,186.0,186,2.0,2,0,valkyrie
kSIk3i,2026-09-18T17:27:26Z,2026-09-18T17:27:26Z,1,1267.0,125.0,125,2.0,2,0,valkyrie
DCrdj4,2026-09-18T18:28:20Z,2026-09-18T18:28:41Z,3,3066.0,387.3333333333333,445,2.0,3,0,valkyrie
t4skxn,2026-09-18T18:31:16Z,2026-09-18T18:31:24Z,3,3292.6666666666665,493.0,517,3.0,4,0,valkyrie
5Yf2JR,2026-09-18T18:33:01Z,2026-09-18T18:33:08Z,3,1964.6666666666667,335.0,408,3.0,4,0,valkyrie
nObPyV,2026-09-18T18:38:34Z,2026-09-18T18:38:43Z,3,2881.6666666666665,462.6666666666667,831,2.0,5,0,valkyrie
qGwYwX,2026-09-18T18:40:59Z,2026-09-18T18:41:09Z,3,2782.0,355.0,536,3.0,3,0,valkyrie
4na26S,2026-09-18T19:16:06Z,2026-09-18T19:16:07Z,2,986.0,159.0,248,2.5,3,0,valkyrie
GsD5eh,2026-09-18T19:16:10Z,2026-09-18T19:16:12Z,2,985.5,129.5,154,2.0,2,0,valkyrie
RygJae,2026-09-18T19:16:15Z,2026-09-18T19:16:16Z,2,1000.0,50.0,58,1.5,2,0,valkyrie
ksFUNU,2026-09-18T19:16:43Z,2026-09-18T19:17:29Z,10,2196.6,344.9,1645,2.5,3,0,valkyrie
